{
  "alunos": [
    {
      "nome_completo": "Isaiah Hines",
      "hardskills": {
        "MYSQL": {
          "nota": 11.13,
          "diferenca_absoluta_media": -35.624,
          "gap": 0.9461077844311379
        },
        "Modelagem": {
          "nota": 79.13,
          "diferenca_absoluta_media": 13.200500000000005,
          "gap": 0.25685849176980996
        },
        "ORM": {
          "nota": 55.76,
          "diferenca_absoluta_media": 3.687499999999993,
          "gap": 0.21770458054554834
        }
      },
      "softskills": [
        "Produtividade",
        "Gestão de Conflitos",
        "Gestão de Tempo",
        "Trabalhar sob pressão",
        "Liderança de Equipe"
      ]
    },
    {
      "nome_completo": "Lawrence Wood",
      "hardskills": {
        "MYSQL": {
          "nota": 40.79,
          "diferenca_absoluta_media": -5.964000000000006,
          "gap": 0.5330733881075059
        },
        "Modelagem": {
          "nota": 55.58,
          "diferenca_absoluta_media": -10.349499999999992,
          "gap": 0.5573561311726426
        },
        "ORM": {
          "nota": 55.33,
          "diferenca_absoluta_media": 3.257499999999993,
          "gap": 0.23983530622748347
        }
      },
      "softskills": [
        "Gestão de Tempo",
        "Gestão de Conflitos",
        "Equilíbrio Emocional",
        "Trabalhar orientado para Resultados",
        "Motivação"
      ]
    },
    {
      "nome_completo": "Terry Ricciardi",
      "hardskills": {
        "MYSQL": {
          "nota": 74.55,
          "diferenca_absoluta_media": 27.795999999999992,
          "gap": 0.06294387968249543
        },
        "Modelagem": {
          "nota": 69.45,
          "diferenca_absoluta_media": 3.5205000000000126,
          "gap": 0.38037514354982777
        },
        "ORM": {
          "nota": 58.64,
          "diferenca_absoluta_media": 6.5674999999999955,
          "gap": 0.06948018528049416
        }
      },
      "softskills": [
        "Criatividade",
        "Auto-Controle",
        "Comunicação Eficaz",
        "Gestão de Conflitos",
        "Resolução de Problemas"
      ]
    },
    {
      "nome_completo": "Winnie Ueno",
      "hardskills": {
        "MYSQL": {
          "nota": 48.98,
          "diferenca_absoluta_media": 2.225999999999992,
          "gap": 0.4190224202757276
        },
        "Modelagem": {
          "nota": 73.64,
          "diferenca_absoluta_media": 7.71050000000001,
          "gap": 0.3269108077070308
        },
        "ORM": {
          "nota": 48.32,
          "diferenca_absoluta_media": -3.752500000000005,
          "gap": 0.6006176016469378
        }
      },
      "softskills": [
        "Criatividade",
        "Gestão de Tempo",
        "Trabalhar sob pressão",
        "Liderança de Equipe",
        "Foco"
      ]
    },
    {
      "nome_completo": "Virgie Mazzuoli",
      "hardskills": {
        "MYSQL": {
          "nota": 40.49,
          "diferenca_absoluta_media": -6.264000000000003,
          "gap": 0.5372510792368751
        },
        "Modelagem": {
          "nota": 20.89,
          "diferenca_absoluta_media": -45.03949999999999,
          "gap": 1
        },
        "ORM": {
          "nota": 40.56,
          "diferenca_absoluta_media": -11.512500000000003,
          "gap": 1
        }
      },
      "softskills": [
        "Equilíbrio Emocional",
        "Colaboração",
        "Gestão de Tempo",
        "Comunicação Eficaz",
        "Resolução de Problemas"
      ]
    },
    {
      "nome_completo": "Sue Baldassini",
      "hardskills": {
        "MYSQL": {
          "nota": 25.97,
          "diferenca_absoluta_media": -20.784000000000006,
          "gap": 0.739451329898343
        },
        "Modelagem": {
          "nota": 56.73,
          "diferenca_absoluta_media": -9.199499999999993,
          "gap": 0.5426821487814215
        },
        "ORM": {
          "nota": 58.1,
          "diferenca_absoluta_media": 6.027499999999996,
          "gap": 0.09727225939269174
        }
      },
      "softskills": [
        "Trabalhar orientado para Resultados",
        "Resolução de Problemas",
        "Criatividade",
        "Comunicação Eficaz",
        "Disciplina"
      ]
    },
    {
      "nome_completo": "Martha Bowen",
      "hardskills": {
        "MYSQL": {
          "nota": 78.89,
          "diferenca_absoluta_media": 32.135999999999996,
          "gap": 0.0025066146776213986
        },
        "Modelagem": {
          "nota": 82.93,
          "diferenca_absoluta_media": 17.000500000000017,
          "gap": 0.20837054995534002
        },
        "ORM": {
          "nota": 47.59,
          "diferenca_absoluta_media": -4.482500000000002,
          "gap": 0.638188368502316
        }
      },
      "softskills": [
        "Equilíbrio Emocional",
        "Liderança de Equipe",
        "Auto-Controle",
        "Foco",
        "Negociação"
      ]
    },
    {
      "nome_completo": "Craig Newton",
      "hardskills": {
        "MYSQL": {
          "nota": 9.54,
          "diferenca_absoluta_media": -37.214000000000006,
          "gap": 0.9682495474167945
        },
        "Modelagem": {
          "nota": 73.63,
          "diferenca_absoluta_media": 7.700500000000005,
          "gap": 0.32703840755391106
        },
        "ORM": {
          "nota": 51.41,
          "diferenca_absoluta_media": -0.6625000000000085,
          "gap": 0.4415851775604738
        }
      },
      "softskills": [
        "Colaboração",
        "Motivação",
        "Gestão de Conflitos",
        "Auto-Controle",
        "Resolução de Problemas"
      ]
    },
    {
      "nome_completo": "Angel Carletti",
      "hardskills": {
        "MYSQL": {
          "nota": 74.52,
          "diferenca_absoluta_media": 27.76599999999999,
          "gap": 0.06336164879543237
        },
        "Modelagem": {
          "nota": 87.28,
          "diferenca_absoluta_media": 21.35050000000001,
          "gap": 0.15286461656246017
        },
        "ORM": {
          "nota": 51.16,
          "diferenca_absoluta_media": -0.9125000000000085,
          "gap": 0.45445187853834307
        }
      },
      "softskills": [
        "Produtividade",
        "Gestão de Conflitos",
        "Criatividade",
        "Trabalhar orientado para Resultados",
        "Auto-Controle"
      ]
    },
    {
      "nome_completo": "Bettie Barchielli",
      "hardskills": {
        "MYSQL": {
          "nota": 79.07,
          "diferenca_absoluta_media": 32.31599999999999,
          "gap": 0
        },
        "Modelagem": {
          "nota": 46.92,
          "diferenca_absoluta_media": -19.00949999999999,
          "gap": 0.6678575985708817
        },
        "ORM": {
          "nota": 42.03,
          "diferenca_absoluta_media": -10.042500000000004,
          "gap": 0.9243437982501287
        }
      },
      "softskills": [
        "Resolução de Problemas",
        "Negociação",
        "Produtividade",
        "Trabalhar sob pressão",
        "Criatividade"
      ]
    },
    {
      "nome_completo": "Ryan Dawson",
      "hardskills": {
        "MYSQL": {
          "nota": 48.43,
          "diferenca_absoluta_media": 1.6759999999999948,
          "gap": 0.42668152067957105
        },
        "Modelagem": {
          "nota": 78.15,
          "diferenca_absoluta_media": 12.220500000000015,
          "gap": 0.26936327676406785
        },
        "ORM": {
          "nota": 59.43,
          "diferenca_absoluta_media": 7.357499999999995,
          "gap": 0.02882141019042729
        }
      },
      "softskills": [
        "Motivação",
        "Liderança de Equipe",
        "Comunicação Eficaz",
        "Gestão de Tempo",
        "Trabalhar sob pressão"
      ]
    },
    {
      "nome_completo": "Bernice Battaglia",
      "hardskills": {
        "MYSQL": {
          "nota": 32.84,
          "diferenca_absoluta_media": -13.914000000000001,
          "gap": 0.6437822030357888
        },
        "Modelagem": {
          "nota": 65.58,