{
  "alunos": [
    {
      "nome_completo": "Lura Holt",
      "hardskills": {
        "HTML": {
          "nota": 69.65,
          "diferenca_absoluta_media": 13.194500000000012,
          "gap": 0.48292848649566833
        },
        "CSS": {
          "nota": 71.3,
          "diferenca_absoluta_media": 16.52149999999999,
          "gap": 0.012591389114541116
        },
        "Javascript": {
          "nota": 28.61,
          "diferenca_absoluta_media": -22.133000000000017,
          "gap": 0.7716338644173696
        }
      },
      "softskills": [
        "Foco",
        "Gestão de Tempo",
        "Motivação",
        "Disciplina",
        "Auto-Controle"
      ]
    },
    {
      "nome_completo": "Virgie Papini",
      "hardskills": {
        "HTML": {
          "nota": 42.85,
          "diferenca_absoluta_media": -13.605499999999992,
          "gap": 0.9381688466111772
        },
        "CSS": {
          "nota": 22.68,
          "diferenca_absoluta_media": -32.09850000000001,
          "gap": 1
        },
        "Javascript": {
          "nota": 69.09,
          "diferenca_absoluta_media": 18.346999999999987,
          "gap": 0.1393314589190878
        }
      },
      "softskills": [
        "Colaboração",
        "Auto-Controle",
        "Comunicação Eficaz",
        "Foco",
        "Criatividade"
      ]
    },
    {
      "nome_completo": "Lawrence Fletcher",
      "hardskills": {
        "HTML": {
          "nota": 55.13,
          "diferenca_absoluta_media": -1.325499999999991,
          "gap": 0.7295736368269067
        },
        "CSS": {
          "nota": 71.92,
          "diferenca_absoluta_media": 17.141499999999994,
          "gap": 0
        },
        "Javascript": {
          "nota": 71.95,
          "diferenca_absoluta_media": 21.206999999999987,
          "gap": 0.09465791940018746
        }
      },
      "softskills": [
        "Criatividade",
        "Colaboração",
        "Gestão de Conflitos",
        "Auto-Controle",
        "Resolução de Problemas"
      ]
    },
    {
      "nome_completo": "Sallie Holmes",
      "hardskills": {
        "HTML": {
          "nota": 49.11,
          "diferenca_absoluta_media": -7.345499999999994,
          "gap": 0.831832852046883
        },
        "CSS": {
          "nota": 42.31,
          "diferenca_absoluta_media": -12.468500000000006,
          "gap": 0.601340373679935
        },
        "Javascript": {
          "nota": 78.01,
          "diferenca_absoluta_media": 27.26699999999999,
          "gap": 0
        }
      },
      "softskills": [
        "Gestão de Conflitos",
        "Proatividade",
        "Colaboração",
        "Auto-Controle",
        "Foco"
      ]
    },
    {
      "nome_completo": "Mike Crawford",
      "hardskills": {
        "HTML": {
          "nota": 98.08,
          "diferenca_absoluta_media": 41.624500000000005,
          "gap": 0
        },
        "CSS": {
          "nota": 41.09,
          "diferenca_absoluta_media": -13.688500000000005,
          "gap": 0.6261169780666125
        },
        "Javascript": {
          "nota": 68.48,
          "diferenca_absoluta_media": 17.736999999999988,
          "gap": 0.14885973133395813
        }
      },
      "softskills": [
        "Auto-Controle",
        "Comunicação Eficaz",
        "Trabalhar sob pressão",
        "Foco",
        "Trabalhar orientado para Resultados"
      ]
    },
    {
      "nome_completo": "Ollie Hamilton",
      "hardskills": {
        "HTML": {
          "nota": 57.97,
          "diferenca_absoluta_media": 1.5145000000000053,
          "gap": 0.6813317479191439
        },
        "CSS": {
          "nota": 48.09,
          "diferenca_absoluta_media": -6.688500000000005,
          "gap": 0.48395613322502024
        },
        "Javascript": {
          "nota": 13.99,
          "diferenca_absoluta_media": -36.753000000000014,
          "gap": 1
        }
      },
      "softskills": [
        "Motivação",
        "Criatividade",
        "Colaboração",
        "Flexibidade",
        "Proatividade"
      ]
    },
    {
      "nome_completo": "Chester George",
      "hardskills": {
        "HTML": {
          "nota": 39.21,
          "diferenca_absoluta_media": -17.245499999999993,
          "gap": 1
        },
        "CSS": {
          "nota": 62.73,
          "diferenca_absoluta_media": 7.951499999999989,
          "gap": 0.18663688058489042
        },
        "Javascript": {
          "nota": 32.41,
          "diferenca_absoluta_media": -18.33300000000002,
          "gap": 0.7122774133083412
        }
      },
      "softskills": [
        "Motivação",
        "Produtividade",
        "Colaboração",
        "Auto-Controle",
        "Liderança de Equipe"
      ]
    },
    {
      "nome_completo": "Douglas Ferrini",
      "hardskills": {
        "HTML": {
          "nota": 43.86,
          "diferenca_absoluta_media": -12.595499999999994,
          "gap": 0.921012400203839
        },
        "CSS": {
          "nota": 69.48,
          "diferenca_absoluta_media": 14.701499999999996,
          "gap": 0.04955320877335495
        },
        "Javascript": {
          "nota": 39.8,
          "diferenca_absoluta_media": -10.94300000000002,
          "gap": 0.5968447360199938
        }
      },
      "softskills": [
        "Gestão de Tempo",
        "Criatividade",
        "Comunicação Eficaz",
        "Colaboração",
        "Negociação"
      ]
    },
    {
      "nome_completo": "Minerva Kennedy",
      "hardskills": {
        "HTML": {
          "nota": 59.39,
          "diferenca_absoluta_media": 2.934500000000007,
          "gap": 0.6572108034652624
        },
        "CSS": {
          "nota": 53.16,
          "diferenca_absoluta_media": -1.6185000000000116,
          "gap": 0.3809910641754672
        },
        "Javascript": {
          "nota": 51.18,
          "diferenca_absoluta_media": 0.4369999999999834,
          "gap": 0.41908778506716654
        }
      },
      "softskills": [
        "Liderança de Equipe",
        "Negociação",
        "Criatividade",
        "Flexibidade",
        "Proatividade"
      ]
    },
    {
      "nome_completo": "Roy Secci",
      "hardskills": {
        "HTML": {
          "nota": 50.18,
          "diferenca_absoluta_media": -6.275499999999994,
          "gap": 0.8136572108034653
        },
        "CSS": {
          "nota": 56.84,
          "diferenca_absoluta_media": 2.0614999999999952,
          "gap": 0.30625507717303
        },
        "Javascript": {
          "nota": 51.95,
          "diferenca_absoluta_media": 1.2069999999999865,
          "gap": 0.40706029365823176
        }
      },
      "softskills": [
        "Equilíbrio Emocional",
        "Auto-Controle",
        "Liderança de Equipe",
        "Disciplina",
        "Motivação"
      ]
    },
    {
      "nome_completo": "Rhoda Farmer",
      "hardskills": {
        "HTML": {
          "nota": 61.29,
          "diferenca_absoluta_media": 4.834500000000006,
          "gap": 0.624936300322745
        },
        "CSS": {
          "nota": 54.51,
          "diferenca_absoluta_media": -0.2685000000000102,
          "gap": 0.3535743298131601
        },
        "Javascript": {
          "nota": 51.04,
          "diferenca_absoluta_media": 0.29699999999998283,
          "gap": 0.42127460168697284
        }
      },
      "softskills": [
        "Motivação",
        "Trabalhar sob pressão",
        "Disciplina",
        "Auto-Controle",
        "Comunicação Eficaz"
      ]
    },
    {
      "nome_completo": "Mary Willis",
      "hardskills": {
        "HTML": {
          "nota": 66.93,
          "diferenca_absoluta_media": 10.474500000000013,
          "gap": 0.5291319857312722
        },
        "CSS": {
          "nota": 58.59,
          "diferenca_absoluta_media": 3.8114999999999952,
          "gap": 0.27071486596263195
        },
        "Javascript": {
          "nota": 50.72,
          "diferenca_absoluta_media": -0.02300000000001745,