{
  "analise": {
    "grupos": {
      "grupo_1": {
        "conhecimento_grupo": {
          "hardskills": {
            "API": {
              "total_pontos": 258.65,
              "percentual": 51.5660200562212
            },
            "REST": {
              "total_pontos": 202.82,
              "percentual": 40.43541537909447
            },
            "Firebase": {
              "total_pontos": 40.12,
              "percentual": 7.998564564684302
            }
          },
          "total_conhecimento_hardskills": 501.5900000000001,
          "deficit_hardskills_absoluto": 32.0014354353157,
          "media_softskills": 2.3333333333333335,
          "deficit_hardskills_relativo": 10.692841005496128
        }
      },
      "grupo_2": {
        "conhecimento_grupo": {
          "hardskills": {
            "API": {
              "total_pontos": 395.01,
              "percentual": 59.707967410856
            },
            "REST": {
              "total_pontos": 221.3,
              "percentual": 33.45073083725079
            },
            "Firebase": {
              "total_pontos": 45.26,
              "percentual": 6.841301751893225
            }
          },
          "total_conhecimento_hardskills": 661.5699999999999,
          "deficit_hardskills_absoluto": 39.707967410855986,
          "media_softskills": 2.6666666666666665,
          "deficit_hardskills_relativo": 39.707967410855986
        }
      },
      "grupo_3": {
        "conhecimento_grupo": {
          "hardskills": {
            "API": {
              "total_pontos": 233.35,
              "percentual": 52.00927184790602
            },
            "REST": {
              "total_pontos": 168.95,
              "percentual": 37.65573807029664
            },
            "Firebase": {
              "total_pontos": 46.370000000000005,
              "percentual": 10.33499008179731
            }
          },
          "total_conhecimento_hardskills": 448.67000000000013,
          "deficit_hardskills_absoluto": 32.00927184790605,
          "media_softskills": 2.8333333333333335,
          "deficit_hardskills_relativo": 10.717132456166805
        }
      },
      "grupo_4": {
        "conhecimento_grupo": {
          "hardskills": {
            "API": {
              "total_pontos": 297.63,
              "percentual": 53.68700169558787
            },
            "REST": {
              "total_pontos": 196.11999999999998,
              "percentual": 35.37645658212777
            },
            "Firebase": {
              "total_pontos": 60.629999999999995,
              "percentual": 10.936541722284353
            }
          },
          "total_conhecimento_hardskills": 554.38,
          "deficit_hardskills_absoluto": 33.687001695587874,
          "media_softskills": 2.5,
          "deficit_hardskills_relativo": 16.16212898396648
        }
      },
      "grupo_5": {
        "conhecimento_grupo": {
          "hardskills": {
            "API": {
              "total_pontos": 374.27000000000004,
              "percentual": 58.34203675702641
            },
            "REST": {
              "total_pontos": 212.49000000000004,
              "percentual": 33.12341194993064
            },
            "Firebase": {
              "total_pontos": 54.75,
              "percentual": 8.534551293042979
            }
          },
          "total_conhecimento_hardskills": 641.5099999999999,
          "deficit_hardskills_absoluto": 38.34203675702638,
          "media_softskills": 2.3333333333333335,
          "deficit_hardskills_relativo": 33.81691582303705
        }
      },
      "grupo_6": {
        "conhecimento_grupo": {
          "hardskills": {
            "API": {
              "total_pontos": 154.48,
              "percentual": 40.092393137992765
            },
            "REST": {
              "total_pontos": 185.10999999999999,
              "percentual": 48.04183644338323
            },
            "Firebase": {
              "total_pontos": 45.72,
              "percentual": 11.865770418623962
            }
          },
          "total_conhecimento_hardskills": 385.3100000000001,
          "deficit_hardskills_absoluto": 28.13422958137604,
          "media_softskills": 2.8,
          "deficit_hardskills_relativo": 0
        }
      },
      "grupo_7": {
        "conhecimento_grupo": {
          "hardskills": {
            "API": {
              "total_pontos": 177.13,
              "percentual": 43.50485079209136
            },
            "REST": {
              "total_pontos": 187.85,
              "percentual": 46.13778705636743
            },
            "Firebase": {
              "total_pontos": 42.17,
              "percentual": 10.3573621515412
            }
          },
          "total_conhecimento_hardskills": 407.15000000000003,
          "deficit_hardskills_absoluto": 29.6426378484588,
          "media_softskills": 3,
          "deficit_hardskills_relativo": 3.8633327147660763
        }
      }
    },
    "gap_hardskill": 2.16103354386579,
    "gap_softskill": 1.8000000000000007,
    "acuracia": 82.35069810520788
  }
}