{
  "analise": {
    "grupos": {
      "grupo_1": {
        "conhecimento_grupo": {
          "hardskills": {
            "API": {
              "total_pontos": 343.99,
              "percentual": 54.92065012612959
            },
            "REST": {
              "total_pontos": 221.86999999999998,
              "percentual": 35.42325254654022
            },
            "Firebase": {
              "total_pontos": 60.48,
              "percentual": 9.656097327330205
            }
          },
          "total_conhecimento_hardskills": 626.3399999999999,
          "deficit_hardskills_absoluto": 34.92065012612957,
          "media_softskills": 2.3333333333333335,
          "deficit_hardskills_relativo": 12.833367429662092
        }
      },
      "grupo_2": {
        "conhecimento_grupo": {
          "hardskills": {
            "API": {
              "total_pontos": 191.45,
              "percentual": 39.04991127337996
            },
            "REST": {
              "total_pontos": 264.88,
              "percentual": 54.02737267220102
            },
            "Firebase": {
              "total_pontos": 33.94,
              "percentual": 6.922716054418991
            }
          },
          "total_conhecimento_hardskills": 490.27000000000015,
          "deficit_hardskills_absoluto": 33.07728394558101,
          "media_softskills": 2.3333333333333335,
          "deficit_hardskills_relativo": 7.84473275061895
        }
      },
      "grupo_3": {
        "conhecimento_grupo": {
          "hardskills": {
            "API": {
              "total_pontos": 295.5,
              "percentual": 52.73866252610161
            },
            "REST": {
              "total_pontos": 202.19000000000003,
              "percentual": 36.08538130677661
            },
            "Firebase": {
              "total_pontos": 62.620000000000005,
              "percentual": 11.17595616712177
            }
          },
          "total_conhecimento_hardskills": 560.3100000000001,
          "deficit_hardskills_absoluto": 32.73866252610162,
          "media_softskills": 2.3333333333333335,
          "deficit_hardskills_relativo": 6.980576338967678
        }
      },
      "grupo_4": {
        "conhecimento_grupo": {
          "hardskills": {
            "API": {
              "total_pontos": 441.2,
              "percentual": 63.86613010625054
            },
            "REST": {
              "total_pontos": 195.16,
              "percentual": 28.25048493095162
            },
            "Firebase": {
              "total_pontos": 54.46,
              "percentual": 7.883384962797834
            }
          },
          "total_conhecimento_hardskills": 690.82,
          "deficit_hardskills_absoluto": 43.866130106250544,
          "media_softskills": 2.6666666666666665,
          "deficit_hardskills_relativo": 43.866130106250544
        }
      },
      "grupo_5": {
        "conhecimento_grupo": {
          "hardskills": {
            "API": {
              "total_pontos": 163.38,
              "percentual": 40.013715069432536
            },
            "REST": {
              "total_pontos": 206.15,
              "percentual": 50.488599348534194
            },
            "Firebase": {
              "total_pontos": 38.78,
              "percentual": 9.497685582033258
            }
          },
          "total_conhecimento_hardskills": 408.31000000000006,
          "deficit_hardskills_absoluto": 30.502314417966744,
          "media_softskills": 2.5,
          "deficit_hardskills_relativo": 1.6806145121367708
        }
      },
      "grupo_6": {
        "conhecimento_grupo": {
          "hardskills": {
            "API": {
              "total_pontos": 240.18999999999997,
              "percentual": 49.30919094249759
            },
            "REST": {
              "total_pontos": 196.86,
              "percentual": 40.41386955718421
            },
            "Firebase": {
              "total_pontos": 50.059999999999995,
              "percentual": 10.276939500318202
            }
          },
          "total_conhecimento_hardskills": 487.10999999999996,
          "deficit_hardskills_absoluto": 29.7230604996818,
          "media_softskills": 3,
          "deficit_hardskills_relativo": 0
        }
      },
      "grupo_7": {
        "conhecimento_grupo": {
          "hardskills": {
            "API": {
              "total_pontos": 214.81,
              "percentual": 63.73805708860009
            },
            "REST": {
              "total_pontos": 87.53,
              "percentual": 25.971752418254113
            },
            "Firebase": {
              "total_pontos": 34.68,
              "percentual": 10.290190493145808
            }
          },
          "total_conhecimento_hardskills": 337.02,
          "deficit_hardskills_absoluto": 43.73805708860008,
          "media_softskills": 2.8,
          "deficit_hardskills_relativo": 43.341985718428525
        }
      }
    },
    "gap_hardskill": 1.8639281527488456,
    "gap_softskill": 1.5500000000000007,
    "acuracia": 84.77464662526039
  }
}