{
  "analise": {
    "grupos": {
      "grupo_1": {
        "conhecimento_grupo": {
          "hardskills": {
            "API": {
              "total_pontos": 202.35,
              "percentual": 44.26240265990024
            },
            "REST": {
              "total_pontos": 220.07999999999996,
              "percentual": 48.14069472394783
            },
            "Firebase": {
              "total_pontos": 34.73,
              "percentual": 7.596902616151891
            }
          },
          "total_conhecimento_hardskills": 457.16000000000014,
          "deficit_hardskills_absoluto": 32.403097383848106,
          "media_softskills": 2.3333333333333335,
          "deficit_hardskills_relativo": 15.506969017612533
        }
      },
      "grupo_2": {
        "conhecimento_grupo": {
          "hardskills": {
            "API": {
              "total_pontos": 315.73,
              "percentual": 55.55399151901185
            },
            "REST": {
              "total_pontos": 193.87,
              "percentual": 34.11222353210283
            },
            "Firebase": {
              "total_pontos": 58.72999999999999,
              "percentual": 10.33378494888533
            }
          },
          "total_conhecimento_hardskills": 568.3299999999999,
          "deficit_hardskills_absoluto": 35.55399151901184,
          "media_softskills": 2.3333333333333335,
          "deficit_hardskills_relativo": 23.542009243067714
        }
      },
      "grupo_3": {
        "conhecimento_grupo": {
          "hardskills": {
            "API": {
              "total_pontos": 293.13,
              "percentual": 47.915066119620114
            },
            "REST": {
              "total_pontos": 284.2,
              "percentual": 46.45536721316834
            },
            "Firebase": {
              "total_pontos": 34.44,
              "percentual": 5.629566667211533
            }
          },
          "total_conhecimento_hardskills": 611.7700000000001,
          "deficit_hardskills_absoluto": 34.370433332788465,
          "media_softskills": 2.3333333333333335,
          "deficit_hardskills_relativo": 20.388172917406262
        }
      },
      "grupo_4": {
        "conhecimento_grupo": {
          "hardskills": {
            "API": {
              "total_pontos": 314.15000000000003,
              "percentual": 61.35262870088274
            },
            "REST": {
              "total_pontos": 158.79000000000002,
              "percentual": 31.011249121162408
            },
            "Firebase": {
              "total_pontos": 39.1,
              "percentual": 7.636122177954846
            }
          },
          "total_conhecimento_hardskills": 512.0400000000001,
          "deficit_hardskills_absoluto": 41.35262870088275,
          "media_softskills": 2.3333333333333335,
          "deficit_hardskills_relativo": 41.35262870088275
        }
      },
      "grupo_5": {
        "conhecimento_grupo": {
          "hardskills": {
            "API": {
              "total_pontos": 373.3,
              "percentual": 60.92604984413508
            },
            "REST": {
              "total_pontos": 182.41,
              "percentual": 29.771017283870023
            },
            "Firebase": {
              "total_pontos": 57,
              "percentual": 9.302932871994908
            }
          },
          "total_conhecimento_hardskills": 612.7099999999999,
          "deficit_hardskills_absoluto": 40.926049844135065,
          "media_softskills": 2.3333333333333335,
          "deficit_hardskills_relativo": 39.90886580473569
        }
      },
      "grupo_6": {
        "conhecimento_grupo": {
          "hardskills": {
            "API": {
              "total_pontos": 234.91000000000003,
              "percentual": 49.46827552803926
            },
            "REST": {
              "total_pontos": 186.38,
              "percentual": 39.24863646892834
            },
            "Firebase": {
              "total_pontos": 53.580000000000005,
              "percentual": 11.283088003032411
            }
          },
          "total_conhecimento_hardskills": 474.87,
          "deficit_hardskills_absoluto": 29.46827552803925,
          "media_softskills": 2.4,
          "deficit_hardskills_relativo": 9.063554874042516
        }
      },
      "grupo_7": {
        "conhecimento_grupo": {
          "hardskills": {
            "API": {
              "total_pontos": 156.95,
              "percentual": 43.20121112028626
            },
            "REST": {
              "total_pontos": 148.91,
              "percentual": 40.988164051747866
            },
            "Firebase": {
              "total_pontos": 57.44,
              "percentual": 15.810624827965867
            }
          },
          "total_conhecimento_hardskills": 363.3,
          "deficit_hardskills_absoluto": 24.189375172034133,
          "media_softskills": 2.8,
          "deficit_hardskills_relativo": 0
        }
      }
    },
    "gap_hardskill": 3.016617546354299,
    "gap_softskill": 0.8571428571428575,
    "acuracia": 73.70758493995417
  }
}