{
  "analise": {
    "grupos": {
      "grupo_1": {
        "conhecimento_grupo": {
          "hardskills": {
            "API": {
              "total_pontos": 217.6,
              "percentual": 46.252603834544914
            },
            "REST": {
              "total_pontos": 194.91999999999996,
              "percentual": 41.43179016281936
            },
            "Firebase": {
              "total_pontos": 57.94,
              "percentual": 12.315606002635718
            }
          },
          "total_conhecimento_hardskills": 470.46,
          "deficit_hardskills_absoluto": 27.684393997364282,
          "media_softskills": 2.5,
          "deficit_hardskills_relativo": 0
        }
      },
      "grupo_2": {
        "conhecimento_grupo": {
          "hardskills": {
            "API": {
              "total_pontos": 164.97000000000003,
              "percentual": 35.5049070247934
            },
            "REST": {
              "total_pontos": 250.75,
              "percentual": 53.966511707988985
            },
            "Firebase": {
              "total_pontos": 48.92,
              "percentual": 10.528581267217632
            }
          },
          "total_conhecimento_hardskills": 464.64,
          "deficit_hardskills_absoluto": 29.471418732782368,
          "media_softskills": 2.5,
          "deficit_hardskills_relativo": 4.618649161488459
        }
      },
      "grupo_3": {
        "conhecimento_grupo": {
          "hardskills": {
            "API": {
              "total_pontos": 263.31,
              "percentual": 56.81641636457793
            },
            "REST": {
              "total_pontos": 174.54,
              "percentual": 37.661833247022265
            },
            "Firebase": {
              "total_pontos": 25.59,
              "percentual": 5.521750388399792
            }
          },
          "total_conhecimento_hardskills": 463.44000000000005,
          "deficit_hardskills_absoluto": 36.81641636457794,
          "media_softskills": 2.5,
          "deficit_hardskills_relativo": 29.48436958849215
        }
      },
      "grupo_4": {
        "conhecimento_grupo": {
          "hardskills": {
            "API": {
              "total_pontos": 330.05,
              "percentual": 59.08732858319309
            },
            "REST": {
              "total_pontos": 182.44,
              "percentual": 32.66139138529843
            },
            "Firebase": {
              "total_pontos": 46.09,
              "percentual": 8.251280031508466
            }
          },
          "total_conhecimento_hardskills": 558.58,
          "deficit_hardskills_absoluto": 39.087328583193106,
          "media_softskills": 2.5,
          "deficit_hardskills_relativo": 39.087328583193106
        }
      },
      "grupo_5": {
        "conhecimento_grupo": {
          "hardskills": {
            "API": {
              "total_pontos": 368.97,
              "percentual": 58.26700776956604
            },
            "REST": {
              "total_pontos": 208.75,
              "percentual": 32.96538437243383
            },
            "Firebase": {
              "total_pontos": 55.519999999999996,
              "percentual": 8.767607858000126
            }
          },
          "total_conhecimento_hardskills": 633.24,
          "deficit_hardskills_absoluto": 38.26700776956604,
          "media_softskills": 2.8333333333333335,
          "deficit_hardskills_relativo": 35.514100374340295
        }
      },
      "grupo_6": {
        "conhecimento_grupo": {
          "hardskills": {
            "API": {
              "total_pontos": 261.99999999999994,
              "percentual": 55.36887930852299
            },
            "REST": {
              "total_pontos": 167.07,
              "percentual": 35.30717048120206
            },
            "Firebase": {
              "total_pontos": 44.12,
              "percentual": 9.323950210274942
            }
          },
          "total_conhecimento_hardskills": 473.19,
          "deficit_hardskills_absoluto": 35.368879308523,
          "media_softskills": 3.2,
          "deficit_hardskills_relativo": 23.83523569943686
        }
      },
      "grupo_7": {
        "conhecimento_grupo": {
          "hardskills": {
            "API": {
              "total_pontos": 283.62,
              "percentual": 52.85205821515755
            },
            "REST": {
              "total_pontos": 196.17000000000002,
              "percentual": 36.555913758082845
            },
            "Firebase": {
              "total_pontos": 56.84,
              "percentual": 10.592028026759591
            }
          },
          "total_conhecimento_hardskills": 536.6300000000001,
          "deficit_hardskills_absoluto": 32.85205821515756,
          "media_softskills": 2.8,
          "deficit_hardskills_relativo": 14.888132913637326
        }
      }
    },
    "gap_hardskill": 3.0127166077475565,
    "gap_softskill": 1.0952380952380956,
    "acuracia": 73.98078862551009
  }
}