{
  "analise": {
    "grupos": {
      "grupo_1": {
        "conhecimento_grupo": {
          "hardskills": {
            "API": {
              "total_pontos": 343.88,
              "percentual": 61.57427302678699
            },
            "REST": {
              "total_pontos": 157.3,
              "percentual": 28.165735567970206
            },
            "Firebase": {
              "total_pontos": 57.3,
              "percentual": 10.259991405242802
            }
          },
          "total_conhecimento_hardskills": 558.48,
          "deficit_hardskills_absoluto": 41.574273026787,
          "media_softskills": 2.6666666666666665,
          "deficit_hardskills_relativo": 41.574273026787
        }
      },
      "grupo_2": {
        "conhecimento_grupo": {
          "hardskills": {
            "API": {
              "total_pontos": 372.43999999999994,
              "percentual": 59.30856569581348
            },
            "REST": {
              "total_pontos": 205.2,
              "percentual": 32.67672022548848
            },
            "Firebase": {
              "total_pontos": 50.33,
              "percentual": 8.014714078698027
            }
          },
          "total_conhecimento_hardskills": 627.97,
          "deficit_hardskills_absoluto": 39.30856569581349,
          "media_softskills": 2.5,
          "deficit_hardskills_relativo": 33.30264756969858
        }
      },
      "grupo_3": {
        "conhecimento_grupo": {
          "hardskills": {
            "API": {
              "total_pontos": 237.04999999999998,
              "percentual": 46.7452820886987
            },
            "REST": {
              "total_pontos": 192.51,
              "percentual": 37.96217783123977
            },
            "Firebase": {
              "total_pontos": 77.55000000000001,
              "percentual": 15.292540080061526
            }
          },
          "total_conhecimento_hardskills": 507.11,
          "deficit_hardskills_absoluto": 26.7452820886987,
          "media_softskills": 2.8333333333333335,
          "deficit_hardskills_relativo": 0
        }
      },
      "grupo_4": {
        "conhecimento_grupo": {
          "hardskills": {
            "API": {
              "total_pontos": 351.27,
              "percentual": 57.52018208911231
            },
            "REST": {
              "total_pontos": 209.88,
              "percentual": 34.367682457548014
            },
            "Firebase": {
              "total_pontos": 49.54,
              "percentual": 8.112135453339665
            }
          },
          "total_conhecimento_hardskills": 610.69,
          "deficit_hardskills_absoluto": 37.520182089112325,
          "media_softskills": 2.8333333333333335,
          "deficit_hardskills_relativo": 27.262556953157972
        }
      },
      "grupo_5": {
        "conhecimento_grupo": {
          "hardskills": {
            "API": {
              "total_pontos": 259.05,
              "percentual": 50.76226681298009
            },
            "REST": {
              "total_pontos": 211.89,
              "percentual": 41.52100642733971
            },
            "Firebase": {
              "total_pontos": 39.379999999999995,
              "percentual": 7.716726759680199
            }
          },
          "total_conhecimento_hardskills": 510.32000000000005,
          "deficit_hardskills_absoluto": 32.2832732403198,
          "media_softskills": 2.3333333333333335,
          "deficit_hardskills_relativo": 12.056415861112232
        }
      },
      "grupo_6": {
        "conhecimento_grupo": {
          "hardskills": {
            "API": {
              "total_pontos": 168.06,
              "percentual": 42.115023180052624
            },
            "REST": {
              "total_pontos": 198.62,
              "percentual": 49.773211377020424
            },
            "Firebase": {
              "total_pontos": 32.37,
              "percentual": 8.11176544292695
            }
          },
          "total_conhecimento_hardskills": 399.05,
          "deficit_hardskills_absoluto": 31.888234557073048,
          "media_softskills": 3,
          "deficit_hardskills_relativo": 11.059395431024605
        }
      },
      "grupo_7": {
        "conhecimento_grupo": {
          "hardskills": {
            "API": {
              "total_pontos": 158.77,
              "percentual": 41.072537251655625
            },
            "REST": {
              "total_pontos": 199.24,
              "percentual": 51.54180463576158
            },
            "Firebase": {
              "total_pontos": 28.55,
              "percentual": 7.385658112582781
            }
          },
          "total_conhecimento_hardskills": 386.56000000000006,
          "deficit_hardskills_absoluto": 32.61434188741722,
          "media_softskills": 2.6,
          "deficit_hardskills_relativo": 12.908196089152
        }
      }
    },
    "gap_hardskill": 2.6898787107482467,
    "gap_softskill": 2.35,
    "acuracia": 78.14109160326578
  }
}