{
  "analise": {
    "grupos": {
      "grupo_1": {
        "conhecimento_grupo": {
          "hardskills": {
            "API": {
              "total_pontos": 166.86,
              "percentual": 32.38742236024845
            },
            "REST": {
              "total_pontos": 100.12,
              "percentual": 19.4332298136646
            },
            "Firebase": {
              "total_pontos": 248.21999999999997,
              "percentual": 48.17934782608695
            }
          },
          "total_conhecimento_hardskills": 515.1999999999999,
          "deficit_hardskills_absoluto": 20.5667701863354,
          "media_softskills": 2.8333333333333335,
          "deficit_hardskills_relativo": 20.5667701863354
        }
      },
      "grupo_2": {
        "conhecimento_grupo": {
          "hardskills": {
            "API": {
              "total_pontos": 155.2,
              "percentual": 29.23558000226048
            },
            "REST": {
              "total_pontos": 121.52,
              "percentual": 22.891157744037976
            },
            "Firebase": {
              "total_pontos": 254.14000000000001,
              "percentual": 47.87326225370154
            }
          },
          "total_conhecimento_hardskills": 530.86,
          "deficit_hardskills_absoluto": 17.108842255962024,
          "media_softskills": 2.6666666666666665,
          "deficit_hardskills_relativo": 8.190502914852999
        }
      },
      "grupo_3": {
        "conhecimento_grupo": {
          "hardskills": {
            "API": {
              "total_pontos": 151.75,
              "percentual": 28.3062861406454
            },
            "REST": {
              "total_pontos": 122.57999999999998,
              "percentual": 22.86513710128707
            },
            "Firebase": {
              "total_pontos": 261.77,
              "percentual": 48.82857675806752
            }
          },
          "total_conhecimento_hardskills": 536.1,
          "deficit_hardskills_absoluto": 17.13486289871293,
          "media_softskills": 2.5,
          "deficit_hardskills_relativo": 8.270171644007819
        }
      },
      "grupo_4": {
        "conhecimento_grupo": {
          "hardskills": {
            "API": {
              "total_pontos": 161.05,
              "percentual": 29.691014343128945
            },
            "REST": {
              "total_pontos": 123.17999999999999,
              "percentual": 22.709339626119984
            },
            "Firebase": {
              "total_pontos": 258.19,
              "percentual": 47.59964603075108
            }
          },
          "total_conhecimento_hardskills": 542.42,
          "deficit_hardskills_absoluto": 17.290660373880016,
          "media_softskills": 2.6666666666666665,
          "deficit_hardskills_relativo": 8.75145488898737
        }
      },
      "grupo_5": {
        "conhecimento_grupo": {
          "hardskills": {
            "API": {
              "total_pontos": 142.37,
              "percentual": 27.86105675146771
            },
            "REST": {
              "total_pontos": 106.98,
              "percentual": 20.93542074363992
            },
            "Firebase": {
              "total_pontos": 261.65000000000003,
              "percentual": 51.203522504892376
            }
          },
          "total_conhecimento_hardskills": 511,
          "deficit_hardskills_absoluto": 19.06457925636008,
          "media_softskills": 2.6666666666666665,
          "deficit_hardskills_relativo": 14.747402858964033
        }
      },
      "grupo_6": {
        "conhecimento_grupo": {
          "hardskills": {
            "API": {
              "total_pontos": 130.44,
              "percentual": 28.01486222374949
            },
            "REST": {
              "total_pontos": 121.37,
              "percentual": 26.066880006872704
            },
            "Firebase": {
              "total_pontos": 213.8,
              "percentual": 45.9182577693778
            }
          },
          "total_conhecimento_hardskills": 465.61,
          "deficit_hardskills_absoluto": 13.933119993127296,
          "media_softskills": 3,
          "deficit_hardskills_relativo": 0
        }
      },
      "grupo_7": {
        "conhecimento_grupo": {
          "hardskills": {
            "API": {
              "total_pontos": 123.14,
              "percentual": 28.635877401051108
            },
            "REST": {
              "total_pontos": 92.65,
              "percentual": 21.54550951118552
            },
            "Firebase": {
              "total_pontos": 214.23,
              "percentual": 49.818613087763346
            }
          },
          "total_conhecimento_hardskills": 430.0200000000001,
          "deficit_hardskills_absoluto": 18.45449048881448,
          "media_softskills": 3.4,
          "deficit_hardskills_relativo": 12.578231649069398
        }
      }
    },
    "gap_hardskill": 2.9226496338235295,
    "gap_softskill": 3.5185185185185186,
    "acuracia": 77.21467181410675
  }
}