{
  "analise": {
    "grupos": {
      "grupo_1": {
        "conhecimento_grupo": {
          "hardskills": {
            "API": {
              "total_pontos": 159.05999999999997,
              "percentual": 29.171404467593433
            },
            "REST": {
              "total_pontos": 126.02,
              "percentual": 23.11190991453618
            },
            "Firebase": {
              "total_pontos": 260.18,
              "percentual": 47.71668561787036
            }
          },
          "total_conhecimento_hardskills": 545.2600000000001,
          "deficit_hardskills_absoluto": 16.88809008546382,
          "media_softskills": 2.3333333333333335,
          "deficit_hardskills_relativo": 6.391048642773391
        }
      },
      "grupo_2": {
        "conhecimento_grupo": {
          "hardskills": {
            "API": {
              "total_pontos": 157.66,
              "percentual": 29.725296479948717
            },
            "REST": {
              "total_pontos": 114.41999999999999,
              "percentual": 21.572804917136445
            },
            "Firebase": {
              "total_pontos": 258.31,
              "percentual": 48.70189860291484
            }
          },
          "total_conhecimento_hardskills": 530.39,
          "deficit_hardskills_absoluto": 18.427195082863555,
          "media_softskills": 2.1666666666666665,
          "deficit_hardskills_relativo": 13.7050971637662
        }
      },
      "grupo_3": {
        "conhecimento_grupo": {
          "hardskills": {
            "API": {
              "total_pontos": 163.95,
              "percentual": 29.269468347198917
            },
            "REST": {
              "total_pontos": 138.39,
              "percentual": 24.70632341914521
            },
            "Firebase": {
              "total_pontos": 257.8,
              "percentual": 46.02420823365587
            }
          },
          "total_conhecimento_hardskills": 560.14,
          "deficit_hardskills_absoluto": 15.29367658085479,
          "media_softskills": 2.6666666666666665,
          "deficit_hardskills_relativo": 0
        }
      },
      "grupo_4": {
        "conhecimento_grupo": {
          "hardskills": {
            "API": {
              "total_pontos": 147.43,
              "percentual": 29.5308869481612
            },
            "REST": {
              "total_pontos": 102.31000000000002,
              "percentual": 20.49314958737281
            },
            "Firebase": {
              "total_pontos": 249.5,
              "percentual": 49.975963464465984
            }
          },
          "total_conhecimento_hardskills": 499.24000000000007,
          "deficit_hardskills_absoluto": 19.50685041262719,
          "media_softskills": 2.6666666666666665,
          "deficit_hardskills_relativo": 19.50685041262719
        }
      },
      "grupo_5": {
        "conhecimento_grupo": {
          "hardskills": {
            "API": {
              "total_pontos": 137.66,
              "percentual": 27.194784670090876
            },
            "REST": {
              "total_pontos": 106.3,
              "percentual": 20.99960489924931
            },
            "Firebase": {
              "total_pontos": 262.23999999999995,
              "percentual": 51.80561043065981
            }
          },
          "total_conhecimento_hardskills": 506.2,
          "deficit_hardskills_absoluto": 19.00039510075069,
          "media_softskills": 2.1666666666666665,
          "deficit_hardskills_relativo": 16.716404121323365
        }
      },
      "grupo_6": {
        "conhecimento_grupo": {
          "hardskills": {
            "API": {
              "total_pontos": 133.35000000000002,
              "percentual": 30.427143704650213
            },
            "REST": {
              "total_pontos": 92.92,
              "percentual": 21.20202619449642
            },
            "Firebase": {
              "total_pontos": 211.98999999999998,
              "percentual": 48.37083010085337
            }
          },
          "total_conhecimento_hardskills": 438.26,
          "deficit_hardskills_absoluto": 18.79797380550358,
          "media_softskills": 3,
          "deficit_hardskills_relativo": 15.63516960512761
        }
      },
      "grupo_7": {
        "conhecimento_grupo": {
          "hardskills": {
            "API": {
              "total_pontos": 131.7,
              "percentual": 29.155228902860177
            },
            "REST": {
              "total_pontos": 108.03999999999999,
              "percentual": 23.917470999734352
            },
            "Firebase": {
              "total_pontos": 211.98,
              "percentual": 46.92730009740548
            }
          },
          "total_conhecimento_hardskills": 451.71999999999997,
          "deficit_hardskills_absoluto": 16.082529000265648,
          "media_softskills": 3,
          "deficit_hardskills_relativo": 3.011207801688966
        }
      }
    },
    "gap_hardskill": 3.020953010433705,
    "gap_softskill": 1.5999999999999999,
    "acuracia": 74.41142290609665
  }
}