{
  "analise": {
    "grupos": {
      "grupo_1": {
        "conhecimento_grupo": {
          "hardskills": {
            "API": {
              "total_pontos": 164.14000000000001,
              "percentual": 30.599727820137584
            },
            "REST": {
              "total_pontos": 113.03999999999999,
              "percentual": 21.073432635484053
            },
            "Firebase": {
              "total_pontos": 259.23,
              "percentual": 48.32683954437837
            }
          },
          "total_conhecimento_hardskills": 536.41,
          "deficit_hardskills_absoluto": 18.926567364515947,
          "media_softskills": 2.6666666666666665,
          "deficit_hardskills_relativo": 14.59194059563538
        }
      },
      "grupo_2": {
        "conhecimento_grupo": {
          "hardskills": {
            "API": {
              "total_pontos": 147.01,
              "percentual": 28.191999386338356
            },
            "REST": {
              "total_pontos": 121.65,
              "percentual": 23.328730871015992
            },
            "Firebase": {
              "total_pontos": 252.8,
              "percentual": 48.47926974264565
            }
          },
          "total_conhecimento_hardskills": 521.46,
          "deficit_hardskills_absoluto": 16.671269128984008,
          "media_softskills": 2.8333333333333335,
          "deficit_hardskills_relativo": 4.914022557685806
        }
      },
      "grupo_3": {
        "conhecimento_grupo": {
          "hardskills": {
            "API": {
              "total_pontos": 144.56,
              "percentual": 28.89004356688916
            },
            "REST": {
              "total_pontos": 100.02000000000001,
              "percentual": 19.988808505535793
            },
            "Firebase": {
              "total_pontos": 255.79999999999998,
              "percentual": 51.12114792757504
            }
          },
          "total_conhecimento_hardskills": 500.38000000000005,
          "deficit_hardskills_absoluto": 20.011191494464207,
          "media_softskills": 2.5,
          "deficit_hardskills_relativo": 20.011191494464207
        }
      },
      "grupo_4": {
        "conhecimento_grupo": {
          "hardskills": {
            "API": {
              "total_pontos": 160.67,
              "percentual": 28.771735042888096
            },
            "REST": {
              "total_pontos": 138.07,
              "percentual": 24.724674533961288
            },
            "Firebase": {
              "total_pontos": 259.69,
              "percentual": 46.50359042315062
            }
          },
          "total_conhecimento_hardskills": 558.43,
          "deficit_hardskills_absoluto": 15.275325466038712,
          "media_softskills": 2.5,
          "deficit_hardskills_relativo": 0
        }
      },
      "grupo_5": {
        "conhecimento_grupo": {
          "hardskills": {
            "API": {
              "total_pontos": 159.57999999999998,
              "percentual": 30.194891201513716
            },
            "REST": {
              "total_pontos": 113.84,
              "percentual": 21.540208136234625
            },
            "Firebase": {
              "total_pontos": 255.08,
              "percentual": 48.264900662251655
            }
          },
          "total_conhecimento_hardskills": 528.5,
          "deficit_hardskills_absoluto": 18.459791863765375,
          "media_softskills": 2.6666666666666665,
          "deficit_hardskills_relativo": 12.412637212782947
        }
      },
      "grupo_6": {
        "conhecimento_grupo": {
          "hardskills": {
            "API": {
              "total_pontos": 121.57,
              "percentual": 27.38679882856499
            },
            "REST": {
              "total_pontos": 102.91999999999999,
              "percentual": 23.185402117594048
            },
            "Firebase": {
              "total_pontos": 219.41,
              "percentual": 49.42779905384095
            }
          },
          "total_conhecimento_hardskills": 443.90000000000003,
          "deficit_hardskills_absoluto": 16.814597882405952,
          "media_softskills": 2.6,
          "deficit_hardskills_relativo": 5.465156015255651
        }
      },
      "grupo_7": {
        "conhecimento_grupo": {
          "hardskills": {
            "API": {
              "total_pontos": 133.28,
              "percentual": 30.144979983262843
            },
            "REST": {
              "total_pontos": 98.86,
              "percentual": 22.35993938434397
            },
            "Firebase": {
              "total_pontos": 209.99,
              "percentual": 47.49508063239319
            }
          },
          "total_conhecimento_hardskills": 442.13,
          "deficit_hardskills_absoluto": 17.64006061565603,
          "media_softskills": 2.6,
          "deficit_hardskills_relativo": 8.80811896469342
        }
      }
    },
    "gap_hardskill": 2.5625005969960726,
    "gap_softskill": 2.400000000000001,
    "acuracia": 79.33749462703535
  }
}