{
  "analise": {
    "grupos": {
      "grupo_1": {
        "conhecimento_grupo": {
          "hardskills": {
            "API": {
              "total_pontos": 145.51,
              "percentual": 29.35089559464257
            },
            "REST": {
              "total_pontos": 90.39999999999999,
              "percentual": 18.234629659512667
            },
            "Firebase": {
              "total_pontos": 259.85,
              "percentual": 52.41447474584477
            }
          },
          "total_conhecimento_hardskills": 495.76,
          "deficit_hardskills_absoluto": 21.765370340487333,
          "media_softskills": 2.5,
          "deficit_hardskills_relativo": 21.765370340487333
        }
      },
      "grupo_2": {
        "conhecimento_grupo": {
          "hardskills": {
            "API": {
              "total_pontos": 147.84,
              "percentual": 28.76656353978168
            },
            "REST": {
              "total_pontos": 110.25999999999999,
              "percentual": 21.454283657307414
            },
            "Firebase": {
              "total_pontos": 255.83,
              "percentual": 49.77915280291089
            }
          },
          "total_conhecimento_hardskills": 513.9300000000001,
          "deficit_hardskills_absoluto": 18.545716342692586,
          "media_softskills": 2.6666666666666665,
          "deficit_hardskills_relativo": 10.32359530027423
        }
      },
      "grupo_3": {
        "conhecimento_grupo": {
          "hardskills": {
            "API": {
              "total_pontos": 155.2,
              "percentual": 29.480482476968373
            },
            "REST": {
              "total_pontos": 115.32000000000001,
              "percentual": 21.905214170386554
            },
            "Firebase": {
              "total_pontos": 255.93,
              "percentual": 48.61430335264508
            }
          },
          "total_conhecimento_hardskills": 526.4499999999999,
          "deficit_hardskills_absoluto": 18.094785829613446,
          "media_softskills": 2.5,
          "deficit_hardskills_relativo": 8.949027413715765
        }
      },
      "grupo_4": {
        "conhecimento_grupo": {
          "hardskills": {
            "API": {
              "total_pontos": 163.38,
              "percentual": 29.93568719423934
            },
            "REST": {
              "total_pontos": 128.29,
              "percentual": 23.50623889184089
            },
            "Firebase": {
              "total_pontos": 254.1,
              "percentual": 46.55807391391979
            }
          },
          "total_conhecimento_hardskills": 545.7699999999999,
          "deficit_hardskills_absoluto": 16.49376110815911,
          "media_softskills": 2.5,
          "deficit_hardskills_relativo": 4.521009831175179
        }
      },
      "grupo_5": {
        "conhecimento_grupo": {
          "hardskills": {
            "API": {
              "total_pontos": 146.5,
              "percentual": 29.02829515732742
            },
            "REST": {
              "total_pontos": 104.60000000000001,
              "percentual": 20.726004596972345
            },
            "Firebase": {
              "total_pontos": 253.57999999999998,
              "percentual": 50.245700245700256
            }
          },
          "total_conhecimento_hardskills": 504.6799999999999,
          "deficit_hardskills_absoluto": 19.273995403027655,
          "media_softskills": 2.3333333333333335,
          "deficit_hardskills_relativo": 12.661857648793474
        }
      },
      "grupo_6": {
        "conhecimento_grupo": {
          "hardskills": {
            "API": {
              "total_pontos": 137.11,
              "percentual": 28.865263157894738
            },
            "REST": {
              "total_pontos": 121.11,
              "percentual": 25.496842105263156
            },
            "Firebase": {
              "total_pontos": 216.78,
              "percentual": 45.6378947368421
            }
          },
          "total_conhecimento_hardskills": 475.00000000000006,
          "deficit_hardskills_absoluto": 14.503157894736844,
          "media_softskills": 2.4,
          "deficit_hardskills_relativo": 0
        }
      },
      "grupo_7": {
        "conhecimento_grupo": {
          "hardskills": {
            "API": {
              "total_pontos": 135.27,
              "percentual": 28.80413951705635
            },
            "REST": {
              "total_pontos": 118.41999999999999,
              "percentual": 25.216132191985007
            },
            "Firebase": {
              "total_pontos": 215.93,
              "percentual": 45.979728290958654
            }
          },
          "total_conhecimento_hardskills": 469.61999999999995,
          "deficit_hardskills_absoluto": 14.783867808014993,
          "media_softskills": 2.8,
          "deficit_hardskills_relativo": 0.5714482027762585
        }
      }
    },
    "gap_hardskill": 2.020918160609785,
    "gap_softskill": 3.071428571428572,
    "acuracia": 84.88316512594051
  }
}