{
  "analise": {
    "grupos": {
      "grupo_1": {
        "conhecimento_grupo": {
          "hardskills": {
            "API": {
              "total_pontos": 157.76999999999998,
              "percentual": 29.473743204618057
            },
            "REST": {
              "total_pontos": 122.65,
              "percentual": 22.91281361504979
            },
            "Firebase": {
              "total_pontos": 254.87,
              "percentual": 47.61344318033216
            }
          },
          "total_conhecimento_hardskills": 535.29,
          "deficit_hardskills_absoluto": 17.08718638495021,
          "media_softskills": 2,
          "deficit_hardskills_relativo": 6.561186291211298
        }
      },
      "grupo_2": {
        "conhecimento_grupo": {
          "hardskills": {
            "API": {
              "total_pontos": 149.87,
              "percentual": 28.181647235802934
            },
            "REST": {
              "total_pontos": 128.23,
              "percentual": 24.112448288830386
            },
            "Firebase": {
              "total_pontos": 253.70000000000002,
              "percentual": 47.70590447536669
            }
          },
          "total_conhecimento_hardskills": 531.8,
          "deficit_hardskills_absoluto": 15.887551711169614,
          "media_softskills": 2.3333333333333335,
          "deficit_hardskills_relativo": 1.6509444250735212
        }
      },
      "grupo_3": {
        "conhecimento_grupo": {
          "hardskills": {
            "API": {
              "total_pontos": 149.4,
              "percentual": 28.973140696208663
            },
            "REST": {
              "total_pontos": 111.22999999999999,
              "percentual": 21.570832929312513
            },
            "Firebase": {
              "total_pontos": 255.02,
              "percentual": 49.4560263744788
            }
          },
          "total_conhecimento_hardskills": 515.6500000000001,
          "deficit_hardskills_absoluto": 18.429167070687487,
          "media_softskills": 2.6666666666666665,
          "deficit_hardskills_relativo": 12.850356808084383
        }
      },
      "grupo_4": {
        "conhecimento_grupo": {
          "hardskills": {
            "API": {
              "total_pontos": 163.81,
              "percentual": 30.848178976309743
            },
            "REST": {
              "total_pontos": 107.66,
              "percentual": 20.27418929607171
            },
            "Firebase": {
              "total_pontos": 259.55,
              "percentual": 48.87763172761855
            }
          },
          "total_conhecimento_hardskills": 531.02,
          "deficit_hardskills_absoluto": 19.72581070392829,
          "media_softskills": 2.5,
          "deficit_hardskills_relativo": 19.72581070392829
        }
      },
      "grupo_5": {
        "conhecimento_grupo": {
          "hardskills": {
            "API": {
              "total_pontos": 155.37,
              "percentual": 29.04437880883837
            },
            "REST": {
              "total_pontos": 119.6,
              "percentual": 22.35764758664523
            },
            "Firebase": {
              "total_pontos": 259.97,
              "percentual": 48.5979736045164
            }
          },
          "total_conhecimento_hardskills": 534.94,
          "deficit_hardskills_absoluto": 17.64235241335477,
          "media_softskills": 2.6666666666666665,
          "deficit_hardskills_relativo": 9.060983836286601
        }
      },
      "grupo_6": {
        "conhecimento_grupo": {
          "hardskills": {
            "API": {
              "total_pontos": 124.68,
              "percentual": 29.505170740942333
            },
            "REST": {
              "total_pontos": 86.08,
              "percentual": 20.370589488132147
            },
            "Firebase": {
              "total_pontos": 211.81,
              "percentual": 50.124239770925534
            }
          },
          "total_conhecimento_hardskills": 422.56999999999994,
          "deficit_hardskills_absoluto": 19.629410511867853,
          "media_softskills": 2.8,
          "deficit_hardskills_relativo": 19.18763625117264
        }
      },
      "grupo_7": {
        "conhecimento_grupo": {
          "hardskills": {
            "API": {
              "total_pontos": 129.91,
              "percentual": 28.244988476757836
            },
            "REST": {
              "total_pontos": 112.94999999999999,
              "percentual": 24.557550984911067
            },
            "Firebase": {
              "total_pontos": 217.07999999999998,
              "percentual": 47.19746053833108
            }
          },
          "total_conhecimento_hardskills": 459.94000000000005,
          "deficit_hardskills_absoluto": 15.442449015088933,
          "media_softskills": 2.8,
          "deficit_hardskills_relativo": 0
        }
      }
    },
    "gap_hardskill": 2.6762678123713313,
    "gap_softskill": 1.2916666666666663,
    "acuracia": 77.20525635532469
  }
}